<bookstore>
    <book>
        <title>Everyday Italian</title>
        <author>Giada De Laurentiis</author>
        <year>2005</year>
        <cover>1.jpg</cover>
    </book>
    <book>
        <title>Một bữa no</title>
        <author>Nam cao</author>
        <year>1945</year>
        <cover>2.jpg</cover>
    </book>
    <book>
        <title>Đời thừa</title>
        <author>Nam cao</author>
        <year>1943</year>
        <cover>3.jpg</cover>
    </book>
</bookstore>
